{
  "seeds": [
    1357911,
    2468022,
    3579133
  ],
  "runs": {
    "baseline": [
      560.7961120004766,
      570.7587819993496,
      558.5314520015381
    ],
    "candidate": [
      535.8774289996363,
      545.4428110001609,
      544.9842489995062
    ]
  },
  "baseline_median_ms": 560.7961120004766,
  "candidate_median_ms": 544.9842489995062,
  "improvement_pct": 2.8195386277850827
}